Category,Restaurant Address,Restaurant Name,Restaurant Phone,Restaurant Price Range,Restaurant Website,Restaurant Yelp URL,Restaurant Latitude,Restaurant Longitude,City
Afghan,"62 Overlea Boulevard
East York, ON M4H 1C4",Bamiyan Kabob,(416) 429-7514,$11-30,bamiyankabob.com,https://www.yelp.ca/biz/bamiyan-kabob-east-york,43.707861,-79.343364,East York
African,"375 Donlands Avenue
East York, ON M4J 3S2",Simba Grill,(416) 429-6057,$11-30,simbagrill.ca,https://www.yelp.ca/biz/simba-grill-east-york,43.693387,-79.342265,East York
African,"429 Donlands Ave
East York, ON M4J 3S2",Talk of the Town Restaurant & Bar,(416) 429-8255,,,https://www.yelp.ca/biz/talk-of-the-town-restaurant-and-bar-east-york,43.694666,-79.342895,East York
American (Traditional),"1239 Woodbine Avenue
East York, ON M4C 4E5",The Rib House Restaurant,(416) 424-2232,$11-30,,https://www.yelp.ca/biz/the-rib-house-restaurant-east-york,43.693203,-79.315853,East York
American (Traditional),"302 O'connor Drive
East York, ON M4J 2T8",The Wally Tap & Grill,(416) 425-6136,Under $10,,https://www.yelp.ca/biz/the-wally-tap-and-grill-east-york,43.694726,-79.343373,East York
Asian Fusion,"1677 Bayview Avenue
East York, ON M4G 3C1",Riz Restaurant On Bayview,(416) 487-8388,$11-30,rizonbayview.com,https://www.yelp.ca/biz/riz-restaurant-on-bayview-east-york,43.707598,-79.375618,East York
Asian Fusion,"1575 Avenue Bayview
East York, ON M4G 3B5",Chai,(416) 483-9512,,,https://www.yelp.ca/biz/chai-east-york,43.705794,-79.374923,East York
Bangladeshi,"2994 Danforth Avenue
East York, ON M4C 1M7",Gharoa Restaurant,(416) 694-8720,Under $10,,https://www.yelp.ca/biz/gharoa-restaurant-east-york,43.690545,-79.291429,East York
Barbeque,"1239 Woodbine Avenue
East York, ON M4C 4E5",The Rib House Restaurant,(416) 424-2232,$11-30,,https://www.yelp.ca/biz/the-rib-house-restaurant-east-york,43.693203,-79.315853,East York
Breakfast & Brunch,"405 Donlands Avenue
East York, ON M4J 3S2",Select Bakery,(416) 421-2400,$11-30,selectbakery.ca,https://www.yelp.ca/adredir?ad_business_id=09OYbFNrS1n8u5gE6W9ItA&campaign_id=zqjYBES0qoedpZZdzbajhQ&click_origin=search_results&placement=below_search&redirect_url=https%3A%2F%2Fwww.yelp.ca%2Fbiz%2Fselect-bakery-east-york&request_id=dbd48738bc96b268&signature=90f65ed88365a023c2e5d99da1b8259e8b7cef2b335f7046a5d3ee0111bbb377&slot=0,43.69411,-79.342661,East York
Breakfast & Brunch,"417 Donlands Avenue
East York, ON M4J 3S2",Donlands Restaurant,(416) 421-8500,Under $10,donlandsdiner.com,https://www.yelp.ca/biz/donlands-restaurant-east-york,43.694384,-79.342772,East York
Breakfast & Brunch,"549 Sammon Avenue
East York, ON M4J 2B3",Last Drop Cafe,(416) 463-4646,Under $10,lastdrop.ca,https://www.yelp.ca/biz/last-drop-cafe-east-york,43.688755,-79.326064,East York
Breakfast & Brunch,"146 Laird Drive
East York, ON M4G 3V7",Golden Griddle Restaurant,(416) 429-6422,$11-30,goldengriddlecorp.com,https://www.yelp.ca/biz/golden-griddle-restaurant-east-york,43.708836,-79.363062,East York
Breakfast & Brunch,"1416 Victoria Park Avenue
East York, ON M4A 2M1",Sunrise Bar & Grill,(416) 752-6446,,sunrisebarandrestaurant.com,https://www.yelp.ca/biz/sunrise-bar-and-grill-east-york,43.71994,-79.300964,East York
Breakfast & Brunch,"1500 O'connor Drive
East York, ON M4B 2T8",Tim Hortons,(416) 750-9883,Under $10,timhortons.com/ca/en,https://www.yelp.ca/biz/tim-hortons-east-york,43.714301,-79.307221,East York
British,"96 Laird Drive
East York, ON M4G 3V3",The Olde Yorke Fish & Chips,(416) 696-9670,$11-30,oldeyorkefishandchips.com,https://www.yelp.ca/biz/the-olde-yorke-fish-and-chips-east-york,43.706109,-79.361876,East York
Burgers,"45 Wicksteed Ave
East York, ON M4G 4H9",South St. Burger Co.,(416) 421-8559,Under $10,southstburger.com,https://www.yelp.ca/biz/south-st-burger-co-east-york-2,43.710352,-79.362483,East York
Burgers,"903 Coxwell Avenue
East York, ON M4C 3G1",Diamond Corner,(416) 425-2240,Under $10,diamondcorner.ca,https://www.yelp.ca/biz/diamond-corner-east-york-2,43.694063,-79.327738,East York
Burgers,"62 Laird Drive
East York, ON M4G 3V1",Burger Flame Foods,(416) 421-7450,,,https://www.yelp.ca/biz/burger-flame-foods-east-york,43.704704,-79.361545,East York
Burgers,"26 Overlea Blvd
East York, ON M4H 1A4",Wendy’s,(416) 467-1600,Under $10,,https://www.yelp.ca/biz/wendys-east-york,43.705059,-79.349901,East York
Cafes,"405 Donlands Avenue
East York, ON M4J 3S2",Select Bakery,(416) 421-2400,$11-30,selectbakery.ca,https://www.yelp.ca/adredir?ad_business_id=09OYbFNrS1n8u5gE6W9ItA&campaign_id=zqjYBES0qoedpZZdzbajhQ&click_origin=search_results&placement=above_search&redirect_url=https%3A%2F%2Fwww.yelp.ca%2Fbiz%2Fselect-bakery-east-york&request_id=7ee40eda1a15ec27&signature=5d80a9b0d648af283b7626140d7f8f197eee4306a97dc56833a45a1869cf84fb&slot=1,43.69411,-79.342661,East York
Cafes,"405 Donlands Avenue
East York, ON M4J 3S2",Select Bakery,(416) 421-2400,$11-30,selectbakery.ca,https://www.yelp.ca/adredir?ad_business_id=09OYbFNrS1n8u5gE6W9ItA&campaign_id=zqjYBES0qoedpZZdzbajhQ&click_origin=search_results&placement=below_search&redirect_url=https%3A%2F%2Fwww.yelp.ca%2Fbiz%2Fselect-bakery-east-york&request_id=094cf070440428c4&signature=fe93bde8863321d86dd1c790e0044dfe0c369c453aff785992e0c34c1a70a7de&slot=0,43.69411,-79.342661,East York
Cafes,"405 Donlands Avenue
East York, ON M4J 3S2",Select Bakery,(416) 421-2400,$11-30,selectbakery.ca,https://www.yelp.ca/adredir?ad_business_id=09OYbFNrS1n8u5gE6W9ItA&campaign_id=zqjYBES0qoedpZZdzbajhQ&click_origin=search_results&placement=above_search&redirect_url=https%3A%2F%2Fwww.yelp.ca%2Fbiz%2Fselect-bakery-east-york&request_id=b4c9097bc86ffc3a&signature=7858a75ecd24ebeeb3400f10a03cee220c426a556efa4f8b04cd60cc3151b4ba&slot=0,43.69411,-79.342661,East York
Cafes,"405 Donlands Avenue
East York, ON M4J 3S2",Select Bakery,(416) 421-2400,$11-30,selectbakery.ca,https://www.yelp.ca/adredir?ad_business_id=09OYbFNrS1n8u5gE6W9ItA&campaign_id=zqjYBES0qoedpZZdzbajhQ&click_origin=search_results&placement=above_search&redirect_url=https%3A%2F%2Fwww.yelp.ca%2Fbiz%2Fselect-bakery-east-york&request_id=68be872b757b5893&signature=5af3aab3f416734264ca1823ff8d847e5a7b7724d777483df0098e54c33f04db&slot=1,43.69411,-79.342661,East York
Cafes,"958 Broadview Avenue
East York, ON M4K 2R6",Estonian House Cafe,(416) 565-4876,Under $10,,https://www.yelp.ca/biz/estonian-house-cafe-east-york,43.681821,-79.358089,East York
Cafes,"405 Donlands Avenue
East York, ON M4J 3S2",Select Bakery,(416) 421-2400,$11-30,selectbakery.ca,https://www.yelp.ca/adredir?ad_business_id=09OYbFNrS1n8u5gE6W9ItA&campaign_id=zqjYBES0qoedpZZdzbajhQ&click_origin=search_results&placement=below_search&redirect_url=https%3A%2F%2Fwww.yelp.ca%2Fbiz%2Fselect-bakery-east-york&request_id=4eb95e0393a9485d&signature=9b05a47bfa7096d3f61690fc4fe629d4290d5a53e130293a62ffa6a661639caf&slot=0,43.69411,-79.342661,East York
Cafes,"405 Donlands Avenue
East York, ON M4J 3S2",Select Bakery,(416) 421-2400,$11-30,selectbakery.ca,https://www.yelp.ca/adredir?ad_business_id=09OYbFNrS1n8u5gE6W9ItA&campaign_id=zqjYBES0qoedpZZdzbajhQ&click_origin=search_results&placement=below_search&redirect_url=https%3A%2F%2Fwww.yelp.ca%2Fbiz%2Fselect-bakery-east-york&request_id=1f0129e5fe20f8e4&signature=0196f23994b0e0a954faaa7827363354aa9230e9fc144a043fc18ad892be25ac&slot=0,43.69411,-79.342661,East York
Cafes,"405 Donlands Avenue
East York, ON M4J 3S2",Select Bakery,(416) 421-2400,$11-30,selectbakery.ca,https://www.yelp.ca/adredir?ad_business_id=09OYbFNrS1n8u5gE6W9ItA&campaign_id=zqjYBES0qoedpZZdzbajhQ&click_origin=search_results&placement=above_search&redirect_url=https%3A%2F%2Fwww.yelp.ca%2Fbiz%2Fselect-bakery-east-york&request_id=c2906ec378fd2705&signature=91acf380d455723375645dbdfbba8bb62ca3370ed52c3a34e5188e32b11b8211&slot=1,43.69411,-79.342661,East York
Cafes,"840 Coxwell Ave
East York, ON M4C 5T2",Apple Cafe,(416) 406-5611,,,https://www.yelp.ca/biz/apple-cafe-east-york,43.690016,-79.327104,East York
Cafes,"405 Donlands Avenue
East York, ON M4J 3S2",Select Bakery,(416) 421-2400,$11-30,selectbakery.ca,https://www.yelp.ca/adredir?ad_business_id=09OYbFNrS1n8u5gE6W9ItA&campaign_id=zqjYBES0qoedpZZdzbajhQ&click_origin=search_results&placement=above_search&redirect_url=https%3A%2F%2Fwww.yelp.ca%2Fbiz%2Fselect-bakery-east-york&request_id=e2f9a94fbacd7920&signature=79d7ec65f9d095fb1d809f44a9bb580f6638d7523dd02a8b6462d048961ed343&slot=1,43.69411,-79.342661,East York
Cafes,"405 Donlands Avenue
East York, ON M4J 3S2",Select Bakery,(416) 421-2400,$11-30,selectbakery.ca,https://www.yelp.ca/adredir?ad_business_id=09OYbFNrS1n8u5gE6W9ItA&campaign_id=zqjYBES0qoedpZZdzbajhQ&click_origin=search_results&placement=below_search&redirect_url=https%3A%2F%2Fwww.yelp.ca%2Fbiz%2Fselect-bakery-east-york&request_id=3ef6511dedacc3bd&signature=9178d87581e8c55cd6215cd001abbf83bf67c34b906c3abf7066903aad8692bc&slot=0,43.69411,-79.342661,East York
Cafes,"405 Donlands Avenue
East York, ON M4J 3S2",Select Bakery,(416) 421-2400,$11-30,selectbakery.ca,https://www.yelp.ca/adredir?ad_business_id=09OYbFNrS1n8u5gE6W9ItA&campaign_id=zqjYBES0qoedpZZdzbajhQ&click_origin=search_results&placement=above_search&redirect_url=https%3A%2F%2Fwww.yelp.ca%2Fbiz%2Fselect-bakery-east-york&request_id=ada9bbed5f25546d&signature=cc1c3e88c5fae60b4eea71b5ce20a26ab5af05f9161c43d785e7340d19599983&slot=1,43.69411,-79.342661,East York
Cafes,"26 Overlea Blvd
East York, ON M4H 1A4",Tim Hortons,(416) 422-1831,Under $10,,https://www.yelp.ca/biz/tim-hortons-east-york-2,43.705059,-79.349901,East York
Cafes,"405 Donlands Avenue
East York, ON M4J 3S2",Select Bakery,(416) 421-2400,$11-30,selectbakery.ca,https://www.yelp.ca/adredir?ad_business_id=09OYbFNrS1n8u5gE6W9ItA&campaign_id=zqjYBES0qoedpZZdzbajhQ&click_origin=search_results&placement=above_search&redirect_url=https%3A%2F%2Fwww.yelp.ca%2Fbiz%2Fselect-bakery-east-york&request_id=461cd032998b4db9&signature=7bd4801fc26dcf51bb8d5d054f5e95c81a6e6133d4eb786a78b79f7fe12cff19&slot=1,43.69411,-79.342661,East York
Cafes,"405 Donlands Avenue
East York, ON M4J 3S2",Select Bakery,(416) 421-2400,$11-30,selectbakery.ca,https://www.yelp.ca/adredir?ad_business_id=09OYbFNrS1n8u5gE6W9ItA&campaign_id=zqjYBES0qoedpZZdzbajhQ&click_origin=search_results&placement=above_search&redirect_url=https%3A%2F%2Fwww.yelp.ca%2Fbiz%2Fselect-bakery-east-york&request_id=ab4da3ff2475a241&signature=305487f4d8f13b83c816044d78852f71de73d5a2afd0e8e0c08d8808c8656cdf&slot=0,43.69411,-79.342661,East York
Canadian (New),"1039 Pape Avenue
East York, ON M4K 3W1",East York Restaurant,(416) 421-1686,Under $10,,https://www.yelp.ca/biz/east-york-restaurant-east-york,43.688941,-79.34836,East York
Canadian (New),"146 Laird Drive
East York, ON M4G 3V7",Golden Griddle Restaurant,(416) 429-6422,$11-30,goldengriddlecorp.com,https://www.yelp.ca/biz/golden-griddle-restaurant-east-york,43.708836,-79.363062,East York
Caribbean,"420 Dawes Road
East York, ON M4B 2E8",Filipino Caribbean Restaurant,(416) 755-4617,,,https://www.yelp.ca/biz/filipino-caribbean-restaurant-east-york,43.701615,-79.297177,East York
Chicken Wings,"1641 Bayview Avenue
East York, ON M4G 3C1",Pizza Pizza,(416) 967-1111,,pizzapizza.ca,https://www.yelp.ca/biz/pizza-pizza-east-york-2,43.707098,-79.375444,East York
Chicken Wings,"62 Overlea Blvd
East York, ON M4H 1C4",Popeyes Louisiana Kitchen,(416) 696-2786,Under $10,,https://www.yelp.ca/biz/popeyes-louisiana-kitchen-east-york,43.707861,-79.343364,East York
Chicken Wings,"796 O'Connor Drive
East York, ON M4B 2T1",Pizza Pizza,(416) 967-1111,,pizzapizza.ca,https://www.yelp.ca/biz/pizza-pizza-east-york-3,43.705143,-79.313112,East York
Chinese,"854 Millwood Rd
East York, ON M4G 1W6",China Food,(416) 421-3833,Under $10,,https://www.yelp.ca/biz/china-food-east-york,43.704546,-79.366364,East York
Chinese,"348 Donlands Avenue
East York, ON M4J 3S1",Donlands Garden Chinese Restaurant,(647) 347-4443,$11-30,,https://www.yelp.ca/biz/donlands-garden-chinese-restaurant-east-york,43.693283,-79.342709,East York
Chinese,"1025 Coxwell Ave
East York, ON M4C 3G4",Eden Chinese Food,(416) 461-0813,Under $10,,https://www.yelp.ca/biz/eden-chinese-food-east-york,43.697198,-79.328958,East York
Chinese,"62 Overlea Blvd
East York, ON M4H 1C4",Viva Chinese Food,(416) 423-3222,Under $10,,https://www.yelp.ca/biz/viva-chinese-food-east-york,43.707861,-79.343364,East York
Chinese,"420 Dawes Rd
East York, ON M4B 2E8",Chinese Recipe,(416) 288-8288,,,https://www.yelp.ca/biz/chinese-recipe-east-york,43.701615,-79.297177,East York
Creperies,"405 Donlands Avenue
East York, ON M4J 3S2",Select Bakery,(416) 421-2400,$11-30,selectbakery.ca,https://www.yelp.ca/adredir?ad_business_id=09OYbFNrS1n8u5gE6W9ItA&campaign_id=zqjYBES0qoedpZZdzbajhQ&click_origin=search_results&placement=above_search&redirect_url=https%3A%2F%2Fwww.yelp.ca%2Fbiz%2Fselect-bakery-east-york&request_id=75e927dae74cda60&signature=5656acbd9c77c77d9e99840443bdcab9cb3eabcd9237af193bb50db224184f8e&slot=0,43.69411,-79.342661,East York
Delis,"405 Donlands Avenue
East York, ON M4J 3S2",Select Bakery,(416) 421-2400,$11-30,selectbakery.ca,https://www.yelp.ca/adredir?ad_business_id=09OYbFNrS1n8u5gE6W9ItA&campaign_id=zqjYBES0qoedpZZdzbajhQ&click_origin=search_results&placement=above_search&redirect_url=https%3A%2F%2Fwww.yelp.ca%2Fbiz%2Fselect-bakery-east-york&request_id=f09feabe06c8a19f&signature=ed4c4fade4c2eac64a99831b0cc5dec2772b448226d6a347a66a633ac35284e9&slot=0,43.69411,-79.342661,East York
Delis,"405 Donlands Avenue
East York, ON M4J 3S2",Select Bakery,(416) 421-2400,$11-30,selectbakery.ca,https://www.yelp.ca/adredir?ad_business_id=09OYbFNrS1n8u5gE6W9ItA&campaign_id=zqjYBES0qoedpZZdzbajhQ&click_origin=search_results&placement=above_search&redirect_url=https%3A%2F%2Fwww.yelp.ca%2Fbiz%2Fselect-bakery-east-york&request_id=d1c22839a861de73&signature=4cfed47d84bac4c0aa18246cba8f4de3d6e0af95da6794d5851af07e2df37b0b&slot=1,43.69411,-79.342661,East York
Delis,"213 Oak Park Avenue
East York, ON M4C 4N2",Oak Park Deli,(416) 424-3354,Under $10,oakparkdeli.com,https://www.yelp.ca/biz/oak-park-deli-east-york,43.693754,-79.310211,East York
Delis,"405 Donlands Avenue
East York, ON M4J 3S2",Select Bakery,(416) 421-2400,$11-30,selectbakery.ca,https://www.yelp.ca/adredir?ad_business_id=09OYbFNrS1n8u5gE6W9ItA&campaign_id=zqjYBES0qoedpZZdzbajhQ&click_origin=search_results&placement=above_search&redirect_url=https%3A%2F%2Fwww.yelp.ca%2Fbiz%2Fselect-bakery-east-york&request_id=a3880623f750fa04&signature=b42e76622a33063438a662601ab3ca38f49bef75db0e96a4e9f284de11756031&slot=1,43.69411,-79.342661,East York
Delis,"405 Donlands Avenue
East York, ON M4J 3S2",Select Bakery,(416) 421-2400,$11-30,selectbakery.ca,https://www.yelp.ca/adredir?ad_business_id=09OYbFNrS1n8u5gE6W9ItA&campaign_id=zqjYBES0qoedpZZdzbajhQ&click_origin=search_results&placement=above_search&redirect_url=https%3A%2F%2Fwww.yelp.ca%2Fbiz%2Fselect-bakery-east-york&request_id=5e6410c6c70e5120&signature=eedc82119aeaa800dea975c0c687eaec4509666f4ed4cea9b0ef1a9c509daebd&slot=1,43.69411,-79.342661,East York
Delis,"1006 Avenue Pape
East York, ON M4K 3V9",C Market,(416) 850-7912,,,https://www.yelp.ca/biz/c-market-east-york,43.688634,-79.348687,East York
Delis,"469 Cosburn Avenue
East York, ON M4J 2N6",Karlovo,(416) 421-5207,,karlovo.com,https://www.yelp.ca/biz/karlovo-east-york-3,43.692799,-79.334121,East York
Delis,"405 Donlands Avenue
East York, ON M4J 3S2",Select Bakery,(416) 421-2400,$11-30,selectbakery.ca,https://www.yelp.ca/biz/select-bakery-east-york,43.69411,-79.342661,East York
Delis,"405 Donlands Avenue
East York, ON M4J 3S2",Select Bakery,(416) 421-2400,$11-30,selectbakery.ca,https://www.yelp.ca/adredir?ad_business_id=09OYbFNrS1n8u5gE6W9ItA&campaign_id=zqjYBES0qoedpZZdzbajhQ&click_origin=search_results&placement=above_search&redirect_url=https%3A%2F%2Fwww.yelp.ca%2Fbiz%2Fselect-bakery-east-york&request_id=ecfb9a18f0642142&signature=8d77588e116dce9d33d2dfe18908dc6d31d3a69b8c7f821c428188a3fa68948f&slot=0,43.69411,-79.342661,East York
Delis,"405 Donlands Avenue
East York, ON M4J 3S2",Select Bakery,(416) 421-2400,$11-30,selectbakery.ca,https://www.yelp.ca/adredir?ad_business_id=09OYbFNrS1n8u5gE6W9ItA&campaign_id=zqjYBES0qoedpZZdzbajhQ&click_origin=search_results&placement=above_search&redirect_url=https%3A%2F%2Fwww.yelp.ca%2Fbiz%2Fselect-bakery-east-york&request_id=659d13b5d5b20a92&signature=24a05630a89b00ac3761343a9df6397bafbd80cf41e11fd9fbd801d74787608f&slot=1,43.69411,-79.342661,East York
Delis,"405 Donlands Avenue
East York, ON M4J 3S2",Select Bakery,(416) 421-2400,$11-30,selectbakery.ca,https://www.yelp.ca/adredir?ad_business_id=09OYbFNrS1n8u5gE6W9ItA&campaign_id=zqjYBES0qoedpZZdzbajhQ&click_origin=search_results&placement=below_search&redirect_url=https%3A%2F%2Fwww.yelp.ca%2Fbiz%2Fselect-bakery-east-york&request_id=1255d52dbcba966a&signature=94537f6028d9117fa1b94493a2b3d02ba5cd72f4e159317d186c2dc5c4f9dd04&slot=0,43.69411,-79.342661,East York
Delis,"405 Donlands Avenue
East York, ON M4J 3S2",Select Bakery,(416) 421-2400,$11-30,selectbakery.ca,https://www.yelp.ca/adredir?ad_business_id=09OYbFNrS1n8u5gE6W9ItA&campaign_id=zqjYBES0qoedpZZdzbajhQ&click_origin=search_results&placement=below_search&redirect_url=https%3A%2F%2Fwww.yelp.ca%2Fbiz%2Fselect-bakery-east-york&request_id=9d1bdef33b93ee50&signature=2e3b8edba8550763c2627e90e2074123c700e3305c02aead63070a227e2011ff&slot=0,43.69411,-79.342661,East York
Delis,"405 Donlands Avenue
East York, ON M4J 3S2",Select Bakery,(416) 421-2400,$11-30,selectbakery.ca,https://www.yelp.ca/adredir?ad_business_id=09OYbFNrS1n8u5gE6W9ItA&campaign_id=zqjYBES0qoedpZZdzbajhQ&click_origin=search_results&placement=above_search&redirect_url=https%3A%2F%2Fwww.yelp.ca%2Fbiz%2Fselect-bakery-east-york&request_id=36b700612ac100ea&signature=fde7d36c1534c3042e38f7ab8efb0a29c40e3402b9779587b33f30f3a7b301fb&slot=1,43.69411,-79.342661,East York
Delis,"405 Donlands Avenue
East York, ON M4J 3S2",Select Bakery,(416) 421-2400,$11-30,selectbakery.ca,https://www.yelp.ca/adredir?ad_business_id=09OYbFNrS1n8u5gE6W9ItA&campaign_id=zqjYBES0qoedpZZdzbajhQ&click_origin=search_results&placement=above_search&redirect_url=https%3A%2F%2Fwww.yelp.ca%2Fbiz%2Fselect-bakery-east-york&request_id=a70c1cd96b9f96b1&signature=ae9ddb43bf447dc8b54341676464a1d2ac79977b37569d66d1dc8fe2decc43d1&slot=0,43.69411,-79.342661,East York
Delis,"405 Donlands Avenue
East York, ON M4J 3S2",Select Bakery,(416) 421-2400,$11-30,selectbakery.ca,https://www.yelp.ca/adredir?ad_business_id=09OYbFNrS1n8u5gE6W9ItA&campaign_id=zqjYBES0qoedpZZdzbajhQ&click_origin=search_results&placement=above_search&redirect_url=https%3A%2F%2Fwww.yelp.ca%2Fbiz%2Fselect-bakery-east-york&request_id=948daf4b9a118391&signature=962ea0a0dbe7241ed3615238bbfc24138690d8b1bfa76778bd9a0fc42017ef4b&slot=1,43.69411,-79.342661,East York
Diners,"405 Donlands Avenue
East York, ON M4J 3S2",Select Bakery,(416) 421-2400,$11-30,selectbakery.ca,https://www.yelp.ca/adredir?ad_business_id=09OYbFNrS1n8u5gE6W9ItA&campaign_id=zqjYBES0qoedpZZdzbajhQ&click_origin=search_results&placement=above_search&redirect_url=https%3A%2F%2Fwww.yelp.ca%2Fbiz%2Fselect-bakery-east-york&request_id=ad8e217a06d2d25d&signature=e410fc654297c6d51a23c55095159a5a16892ae7e7bf519ad3e3188338336b86&slot=1,43.69411,-79.342661,East York
Diners,"405 Donlands Avenue
East York, ON M4J 3S2",Select Bakery,(416) 421-2400,$11-30,selectbakery.ca,https://www.yelp.ca/adredir?ad_business_id=09OYbFNrS1n8u5gE6W9ItA&campaign_id=zqjYBES0qoedpZZdzbajhQ&click_origin=search_results&placement=below_search&redirect_url=https%3A%2F%2Fwww.yelp.ca%2Fbiz%2Fselect-bakery-east-york&request_id=94d6c84dad36ba30&signature=94553f2357257139f25749b3bc36558007688dedc9278d36a9cb76d301f6fba7&slot=0,43.69411,-79.342661,East York
Diners,"2859 St. Clair Avenue E
East York, ON M4B 1N4",St. Clair Diner,(416) 755-8882,,stclairdiner.ca,https://www.yelp.ca/biz/st-clair-diner-east-york,43.707303,-79.303635,East York
Diners,"405 Donlands Avenue
East York, ON M4J 3S2",Select Bakery,(416) 421-2400,$11-30,selectbakery.ca,https://www.yelp.ca/adredir?ad_business_id=09OYbFNrS1n8u5gE6W9ItA&campaign_id=zqjYBES0qoedpZZdzbajhQ&click_origin=search_results&placement=below_search&redirect_url=https%3A%2F%2Fwww.yelp.ca%2Fbiz%2Fselect-bakery-east-york&request_id=ecb7c843463128e9&signature=3b9e8e21b308738260cf337d5183296cc18eab82d0516df572f628caef1b272b&slot=0,43.69411,-79.342661,East York
Diners,"405 Donlands Avenue
East York, ON M4J 3S2",Select Bakery,(416) 421-2400,$11-30,selectbakery.ca,https://www.yelp.ca/adredir?ad_business_id=09OYbFNrS1n8u5gE6W9ItA&campaign_id=zqjYBES0qoedpZZdzbajhQ&click_origin=search_results&placement=above_search&redirect_url=https%3A%2F%2Fwww.yelp.ca%2Fbiz%2Fselect-bakery-east-york&request_id=b2364de80e765046&signature=911ccca7306d86a713473001126d4ecbaef8332d781bdca7912a0ae1ceee6079&slot=1,43.69411,-79.342661,East York
Falafel,"1011 Pape Avenue
East York, ON M4K 3V8",Shawarma Frenzy,(416) 696-5565,Under $10,,https://www.yelp.ca/biz/shawarma-frenzy-east-york,43.688014,-79.348322,East York
Fast Food,"62 Overlea Blvd
East York, ON M4H 1C4",Popeyes Louisiana Kitchen,(416) 696-2786,Under $10,,https://www.yelp.ca/biz/popeyes-louisiana-kitchen-east-york,43.707861,-79.343364,East York
Fast Food,"3003 Danforth AVe
East York, ON M4C 1M9",Burger King,(416) 686-7191,Under $10,,https://www.yelp.ca/biz/burger-king-east-york-2,43.690258,-79.292551,East York
Fast Food,"1040 Broadview Avenue
East York, ON M4K 2S2",Dairy Queen,(416) 425-2261,Under $10,dairyqueen.com,https://www.yelp.ca/biz/dairy-queen-east-york,43.684184,-79.356882,East York
Fast Food,"26 Overlea Blvd
East York, ON M4H 1A4",Wendy’s,(416) 467-1600,Under $10,,https://www.yelp.ca/biz/wendys-east-york,43.705059,-79.349901,East York
Fast Food,"134 O'connor Dr
East York, ON M4J 2S4",Rixo Fast Food Boutique,(416) 425-3718,,,https://www.yelp.ca/biz/rixo-fast-food-boutique-east-york,43.693437,-79.349955,East York
Filipino,"405 Donlands Avenue
East York, ON M4J 3S2",Select Bakery,(416) 421-2400,$11-30,selectbakery.ca,https://www.yelp.ca/adredir?ad_business_id=09OYbFNrS1n8u5gE6W9ItA&campaign_id=zqjYBES0qoedpZZdzbajhQ&click_origin=search_results&placement=above_search&redirect_url=https%3A%2F%2Fwww.yelp.ca%2Fbiz%2Fselect-bakery-east-york&request_id=a3ee91363e9dd8a4&signature=695b815014ccd50458ae0e536b0a3612fe63140dda35e19bfae1b19c5b0afd77&slot=1,43.69411,-79.342661,East York
Filipino,"310 Donlands Avenue
East York, ON M4J 3R9",Ritz Restaurant,(416) 421-4696,Under $10,,https://www.yelp.ca/biz/ritz-restaurant-east-york,43.691847,-79.341976,East York
Filipino,"405 Donlands Avenue
East York, ON M4J 3S2",Select Bakery,(416) 421-2400,$11-30,selectbakery.ca,https://www.yelp.ca/adredir?ad_business_id=09OYbFNrS1n8u5gE6W9ItA&campaign_id=zqjYBES0qoedpZZdzbajhQ&click_origin=search_results&placement=above_search&redirect_url=https%3A%2F%2Fwww.yelp.ca%2Fbiz%2Fselect-bakery-east-york&request_id=d1e82e0941ce17c3&signature=ba5a2fe226dbef42c87fc68b3cd581b6ae4a7aea98c4c95599ff0e5ec3dee8dd&slot=0,43.69411,-79.342661,East York
Filipino,"405 Donlands Avenue
East York, ON M4J 3S2",Select Bakery,(416) 421-2400,$11-30,selectbakery.ca,https://www.yelp.ca/adredir?ad_business_id=09OYbFNrS1n8u5gE6W9ItA&campaign_id=zqjYBES0qoedpZZdzbajhQ&click_origin=search_results&placement=above_search&redirect_url=https%3A%2F%2Fwww.yelp.ca%2Fbiz%2Fselect-bakery-east-york&request_id=99ec2e80ddb05886&signature=b56fbb1cd11b7fd39eb9f3691002bf286932ac5adadafa2dd5dfb993606373e0&slot=1,43.69411,-79.342661,East York
Filipino,"420 Dawes Road
East York, ON M4B 2E8",Filipino Caribbean Restaurant,(416) 755-4617,,,https://www.yelp.ca/biz/filipino-caribbean-restaurant-east-york,43.701615,-79.297177,East York
Fish & Chips,"96 Laird Drive
East York, ON M4G 3V3",The Olde Yorke Fish & Chips,(416) 696-9670,$11-30,oldeyorkefishandchips.com,https://www.yelp.ca/biz/the-olde-yorke-fish-and-chips-east-york,43.706109,-79.361876,East York
Fish & Chips,"468 Dawes Road
East York, ON M4B 2E9",Dawes Fish & Chips Plus Coffee,(416) 285-5905,,,https://www.yelp.ca/biz/dawes-fish-and-chips-plus-coffee-east-york,43.702905,-79.296919,East York
Gluten-Free,"1677 Bayview Avenue
East York, ON M4G 3C1",Riz Restaurant On Bayview,(416) 487-8388,$11-30,rizonbayview.com,https://www.yelp.ca/biz/riz-restaurant-on-bayview-east-york,43.707598,-79.375618,East York
Greek,"940 Pape Avenue
East York, ON M4K 3V2",Florida Greek Restaurant,(416) 422-2567,$11-30,floridarestaurantonpape.com,https://www.yelp.ca/biz/florida-greek-restaurant-east-york,43.686499,-79.347867,East York
Greek,"2859 St. Clair Avenue E
East York, ON M4B 1N4",St. Clair Diner,(416) 755-8882,,stclairdiner.ca,https://www.yelp.ca/biz/st-clair-diner-east-york,43.707303,-79.303635,East York
Greek,"1416 Victoria Park Avenue
East York, ON M4A 2M1",Sunrise Bar & Grill,(416) 752-6446,,sunrisebarandrestaurant.com,https://www.yelp.ca/biz/sunrise-bar-and-grill-east-york,43.71994,-79.300964,East York
Halal,"2994 Danforth Avenue
East York, ON M4C 1M7",Gharoa Restaurant,(416) 694-8720,Under $10,,https://www.yelp.ca/biz/gharoa-restaurant-east-york,43.690545,-79.291429,East York
Hot Dogs,"62 Laird Drive
East York, ON M4G 3V1",Burger Flame Foods,(416) 421-7450,,,https://www.yelp.ca/biz/burger-flame-foods-east-york,43.704704,-79.361545,East York
Indian,"3030 Danforth Avenue
East York, ON M4C 1N2",Red Hot Tandoori,(416) 901-6363,Under $10,redhottandoori.com,https://www.yelp.ca/biz/red-hot-tandoori-east-york,43.690857,-79.290016,East York
Indian,"375 Donlands Avenue
East York, ON M4J 3S2",Simba Grill,(416) 429-6057,$11-30,simbagrill.ca,https://www.yelp.ca/biz/simba-grill-east-york,43.693387,-79.342265,East York
Indian,"430 Dawes Road
East York, ON M4B 2E8",Rising Star West Indian Restaurant,(416) 755-7900,,,https://www.yelp.ca/biz/rising-star-west-indian-restaurant-east-york,43.701892,-79.297149,East York
Italian,"405 Donlands Avenue
East York, ON M4J 3S2",Select Bakery,(416) 421-2400,$11-30,selectbakery.ca,https://www.yelp.ca/adredir?ad_business_id=09OYbFNrS1n8u5gE6W9ItA&campaign_id=zqjYBES0qoedpZZdzbajhQ&click_origin=search_results&placement=below_search&redirect_url=https%3A%2F%2Fwww.yelp.ca%2Fbiz%2Fselect-bakery-east-york&request_id=6bb1a64dd9f00093&signature=01198bcb3edbc691d6d939c345f1c4c97fbbf99b93470974690c00501a1459ce&slot=0,43.69411,-79.342661,East York
Italian,"405 Donlands Avenue
East York, ON M4J 3S2",Select Bakery,(416) 421-2400,$11-30,selectbakery.ca,https://www.yelp.ca/adredir?ad_business_id=09OYbFNrS1n8u5gE6W9ItA&campaign_id=zqjYBES0qoedpZZdzbajhQ&click_origin=search_results&placement=below_search&redirect_url=https%3A%2F%2Fwww.yelp.ca%2Fbiz%2Fselect-bakery-east-york&request_id=61c4193d9bb19f0c&signature=3522a1c7705191865b919dc09313a98550b6d46fecd732fcd317e32208e0f03a&slot=0,43.69411,-79.342661,East York
Italian,"796 O'Connor Drive
East York, ON M4B 2T1",Pizza Pizza,(416) 967-1111,,pizzapizza.ca,https://www.yelp.ca/biz/pizza-pizza-east-york-3,43.705143,-79.313112,East York
Italian,"1641 Bayview Avenue
East York, ON M4G 3C1",Pizza Pizza,(416) 967-1111,,pizzapizza.ca,https://www.yelp.ca/biz/pizza-pizza-east-york-2,43.707098,-79.375444,East York
Italian,"405 Donlands Avenue
East York, ON M4J 3S2",Select Bakery,(416) 421-2400,$11-30,selectbakery.ca,https://www.yelp.ca/adredir?ad_business_id=09OYbFNrS1n8u5gE6W9ItA&campaign_id=zqjYBES0qoedpZZdzbajhQ&click_origin=search_results&placement=below_search&redirect_url=https%3A%2F%2Fwww.yelp.ca%2Fbiz%2Fselect-bakery-east-york&request_id=9b0aeadc4561e8ae&signature=b6233ba38a562e1a32d6cbddd49e90390b1042935790d9cd68e83900461fa784&slot=0,43.69411,-79.342661,East York
Italian,"405 Donlands Avenue
East York, ON M4J 3S2",Select Bakery,(416) 421-2400,$11-30,selectbakery.ca,https://www.yelp.ca/adredir?ad_business_id=09OYbFNrS1n8u5gE6W9ItA&campaign_id=zqjYBES0qoedpZZdzbajhQ&click_origin=search_results&placement=above_search&redirect_url=https%3A%2F%2Fwww.yelp.ca%2Fbiz%2Fselect-bakery-east-york&request_id=93069d7c7082cc47&signature=4493f6692ee0f902f0fe2bb7648e9eb86270a4d8ea5d6ba74d51a33ae65edc14&slot=1,43.69411,-79.342661,East York
Italian,"405 Donlands Avenue
East York, ON M4J 3S2",Select Bakery,(416) 421-2400,$11-30,selectbakery.ca,https://www.yelp.ca/adredir?ad_business_id=09OYbFNrS1n8u5gE6W9ItA&campaign_id=zqjYBES0qoedpZZdzbajhQ&click_origin=search_results&placement=above_search&redirect_url=https%3A%2F%2Fwww.yelp.ca%2Fbiz%2Fselect-bakery-east-york&request_id=be0acdbd5522de9a&signature=b17d57bf7ba7a9818b67ff19902bfe3dfcb7a2464dd9200ad51a52c02673942e&slot=1,43.69411,-79.342661,East York
Japanese,"1100 Davis Dr
Unit 3
East York, ON M4B 1C7",Golden maki,(905) 898-1028,,goldenmaki.com,https://www.yelp.ca/biz/golden-maki-east-york,43.691799,-79.327026,East York
Latin American,"420 Dawes Rd
East York, ON M4B 2E8",Chinese Recipe,(416) 288-8288,,,https://www.yelp.ca/biz/chinese-recipe-east-york,43.701615,-79.297177,East York
Mediterranean,"1011 Pape Avenue
East York, ON M4K 3V8",Shawarma Frenzy,(416) 696-5565,Under $10,,https://www.yelp.ca/biz/shawarma-frenzy-east-york,43.688014,-79.348322,East York
Middle Eastern,"1011 Pape Avenue
East York, ON M4K 3V8",Shawarma Frenzy,(416) 696-5565,Under $10,,https://www.yelp.ca/biz/shawarma-frenzy-east-york,43.688014,-79.348322,East York
Middle Eastern,"430 Dawes Road
East York, ON M4B 2E8",Rising Star West Indian Restaurant,(416) 755-7900,,,https://www.yelp.ca/biz/rising-star-west-indian-restaurant-east-york,43.701892,-79.297149,East York
Modern European,"914 Pape Avenue
East York, ON M4K 3V2",California Pub & Grill,(416) 461-1251,$11-30,californiapubandgrill.com,https://www.yelp.ca/biz/california-pub-and-grill-east-york,43.685851,-79.347669,East York
Pakistani,"3030 Danforth Avenue
East York, ON M4C 1N2",Red Hot Tandoori,(416) 901-6363,Under $10,redhottandoori.com,https://www.yelp.ca/biz/red-hot-tandoori-east-york,43.690857,-79.290016,East York
Pakistani,"430 Dawes Road
East York, ON M4B 2E8",Rising Star West Indian Restaurant,(416) 755-7900,,,https://www.yelp.ca/biz/rising-star-west-indian-restaurant-east-york,43.701892,-79.297149,East York
Pizza,"951 Pape Ave
East York, ON M4K 3V6",La Grotta Pizzeria,(416) 423-2244,$11-30,lagrottapizzeria.com,https://www.yelp.ca/biz/la-grotta-pizzeria-east-york,43.686821,-79.347689,East York
Pizza,"1201 Av Broadview
East York, ON M4K 2T1",Golden Pizza,(416) 425-3787,$11-30,,https://www.yelp.ca/biz/golden-pizza-east-york,43.689596,-79.354782,East York
Pizza,"1015 Coxwell Ave
East York, ON M4C 3G4",Free Topping Pizza,(416) 429-2202,Under $10,,https://www.yelp.ca/biz/free-topping-pizza-east-york,43.697054,-79.328872,East York
Pizza,"901 Millwood Road
East York, ON M4G 1X2",Bravo Pizza,(416) 425-2500,Under $10,bravopizza.ca,https://www.yelp.ca/biz/bravo-pizza-east-york,43.703163,-79.36406,East York
Pizza,"903 Coxwell Avenue
East York, ON M4C 3G1",Diamond Corner,(416) 425-2240,Under $10,diamondcorner.ca,https://www.yelp.ca/biz/diamond-corner-east-york-2,43.694063,-79.327738,East York
Pizza,"45 Overlea Boulevard
East York, ON M4H 1C3",Pizza Pizza,(416) 967-1111,,pizzapizza.ca,https://www.yelp.ca/biz/pizza-pizza-east-york,43.70569,-79.346018,East York
Pizza,"796 O'Connor Drive
East York, ON M4B 2T1",Pizza Pizza,(416) 967-1111,,pizzapizza.ca,https://www.yelp.ca/biz/pizza-pizza-east-york-3,43.705143,-79.313112,East York
Pizza,"1641 Bayview Avenue
East York, ON M4G 3C1",Pizza Pizza,(416) 967-1111,,pizzapizza.ca,https://www.yelp.ca/biz/pizza-pizza-east-york-2,43.707098,-79.375444,East York
Pizza,"471 Cosburn Ave
East York, ON M4J 2N6",Best Pizza In Town,(416) 696-8200,Under $10,,https://www.yelp.ca/biz/best-pizza-in-town-east-york,43.692827,-79.333995,East York
Pizza,"1117 O'connor Drive
East York, ON M4B 2T5",Panzerotto & Pizza 2 For 1,(416) 222-2221,,,https://www.yelp.ca/biz/panzerotto-and-pizza-2-for-1-east-york-2,43.710666,-79.308484,East York
Pizza,"1015 Coxwell Avenue
East York, ON M4C 3G4",241 Pizza,(416) 241-0241,,241pizza.com,https://www.yelp.ca/biz/241-pizza-east-york,43.697054,-79.328872,East York
Salad,"903 Coxwell Avenue
East York, ON M4C 3G1",Diamond Corner,(416) 425-2240,Under $10,diamondcorner.ca,https://www.yelp.ca/biz/diamond-corner-east-york-2,43.694063,-79.327738,East York
Sandwiches,"405 Donlands Avenue
East York, ON M4J 3S2",Select Bakery,(416) 421-2400,$11-30,selectbakery.ca,https://www.yelp.ca/adredir?ad_business_id=09OYbFNrS1n8u5gE6W9ItA&campaign_id=zqjYBES0qoedpZZdzbajhQ&click_origin=search_results&placement=above_search&redirect_url=https%3A%2F%2Fwww.yelp.ca%2Fbiz%2Fselect-bakery-east-york&request_id=2e257b5c2a1ba034&signature=91be18277b2db37e200ad8eebd56c2f596c6fae0dc38f71876edf6003b89bda2&slot=1,43.69411,-79.342661,East York
Sandwiches,"902 Millwood Road
East York, ON M4G 1X1",Millwood Melt Grilled Cheesery,(647) 885-7048,Under $10,millwoodmelt.com,https://www.yelp.ca/biz/millwood-melt-grilled-cheesery-east-york,43.703159,-79.363347,East York
Sandwiches,"405 Donlands Avenue
East York, ON M4J 3S2",Select Bakery,(416) 421-2400,$11-30,selectbakery.ca,https://www.yelp.ca/adredir?ad_business_id=09OYbFNrS1n8u5gE6W9ItA&campaign_id=zqjYBES0qoedpZZdzbajhQ&click_origin=search_results&placement=above_search&redirect_url=https%3A%2F%2Fwww.yelp.ca%2Fbiz%2Fselect-bakery-east-york&request_id=e317126c5d941211&signature=cbc8da8f0dd556b0dce8d1aa64254d4ffdcdcd84facdabdf65b9b551660516de&slot=1,43.69411,-79.342661,East York
Sandwiches,"213 Oak Park Avenue
East York, ON M4C 4N2",Oak Park Deli,(416) 424-3354,Under $10,oakparkdeli.com,https://www.yelp.ca/biz/oak-park-deli-east-york,43.693754,-79.310211,East York
Sandwiches,"1048 Av Pape
East York, ON M4K 3W2",Pape Sub & Grill,(416) 422-0834,$11-30,,https://www.yelp.ca/biz/pape-sub-and-grill-east-york,43.690164,-79.349122,East York
Sandwiches,"549 Sammon Avenue
East York, ON M4J 2B3",Last Drop Cafe,(416) 463-4646,Under $10,lastdrop.ca,https://www.yelp.ca/biz/last-drop-cafe-east-york,43.688755,-79.326064,East York
Sandwiches,"1068 Coxwell Avenue
East York, ON M4C 3G5",Mr Sub,(416) 467-4777,,,https://www.yelp.ca/biz/mr-sub-east-york-3,43.697274,-79.329623,East York
Sandwiches,"1500 O'connor Drive
East York, ON M4B 2T8",Tim Hortons,(416) 750-9883,Under $10,timhortons.com/ca/en,https://www.yelp.ca/biz/tim-hortons-east-york,43.714301,-79.307221,East York
Seafood,"96 Laird Drive
East York, ON M4G 3V3",The Olde Yorke Fish & Chips,(416) 696-9670,$11-30,oldeyorkefishandchips.com,https://www.yelp.ca/biz/the-olde-yorke-fish-and-chips-east-york,43.706109,-79.361876,East York
Seafood,"1549 O'connor Drive
East York, ON M4B 2V7",Nicki’s Fish & Chips,(416) 751-7550,,,https://www.yelp.ca/biz/nickis-fish-and-chips-east-york,43.714752,-79.305272,East York
Seafood,"1555 O'connor Drive
East York, ON M4B 2V7",O’connor Fish & Chips,(416) 752-2669,,,https://www.yelp.ca/biz/o-connor-fish-and-chips-east-york,43.715011,-79.305369,East York
Slovakian,"914 Pape Avenue
East York, ON M4K 3V2",California Pub & Grill,(416) 461-1251,$11-30,californiapubandgrill.com,https://www.yelp.ca/biz/california-pub-and-grill-east-york,43.685851,-79.347669,East York
Soup,"405 Donlands Avenue
East York, ON M4J 3S2",Select Bakery,(416) 421-2400,$11-30,selectbakery.ca,https://www.yelp.ca/adredir?ad_business_id=09OYbFNrS1n8u5gE6W9ItA&campaign_id=zqjYBES0qoedpZZdzbajhQ&click_origin=search_results&placement=above_search&redirect_url=https%3A%2F%2Fwww.yelp.ca%2Fbiz%2Fselect-bakery-east-york&request_id=fc9f713ec55931e1&signature=2cfb19d8c26028fc7ee82420f1b3ec46a6ff7b494d55e212d2052a75f5d66784&slot=1,43.69411,-79.342661,East York
Thai,"1235 Woodbine Ave
East York, ON M4C 4E5",Thai Wok Restaurant,(416) 423-2388,$11-30,,https://www.yelp.ca/biz/thai-wok-restaurant-east-york,43.693015,-79.315739,East York
